{"cameraMode":{"drawMode":0,"name":"Shaded","section":"Shading Mode"},"sceneLighting":true,"audioPlay":false,"sceneViewState":{"showFog":true,"showMaterialUpdate":true,"showSkybox":true,"showFlares":true,"showImageEffects":true,"showParticleSystems":true},"in2DMode":false,"pivot":{"x":-0.45751869678497317,"y":-0.2673322558403015,"z":-0.1375778764486313},"rotation":{"x":0.1737947016954422,"y":0.04872491955757141,"z":-0.00860986951738596,"w":0.9835378527641296},"size":5.649771213531494,"orthographic":false}