{"cameraMode":{"drawMode":0,"name":"Shaded","section":"Shading Mode"},"sceneLighting":true,"audioPlay":false,"sceneViewState":{"showFog":true,"showMaterialUpdate":true,"showSkybox":true,"showFlares":true,"showImageEffects":true,"showParticleSystems":true},"in2DMode":false,"pivot":{"x":4.774425983428955,"y":7.233473300933838,"z":7.201343536376953},"rotation":{"x":0.07672051340341568,"y":-0.08871062099933624,"z":-0.006852580234408379,"w":-0.9930777549743652},"size":28.704574584960939,"orthographic":false}