{"cameraMode":{"drawMode":0,"name":"Shaded","section":"Shading Mode"},"sceneLighting":false,"audioPlay":false,"sceneViewState":{"showFog":true,"showMaterialUpdate":true,"showSkybox":false,"showFlares":true,"showImageEffects":true,"showParticleSystems":true},"in2DMode":false,"pivot":{"x":10.870601654052735,"y":0.3412982225418091,"z":-0.40367817878723147},"rotation":{"x":-0.011898132972419262,"y":-0.9717316627502441,"z":-0.05018806830048561,"w":0.23039264976978303},"size":8.627801895141602,"orthographic":false}