{"cameraMode":{"drawMode":0,"name":"Shaded","section":"Shading Mode"},"sceneLighting":true,"audioPlay":false,"sceneViewState":{"showFog":true,"showMaterialUpdate":true,"showSkybox":true,"showFlares":true,"showImageEffects":true,"showParticleSystems":true},"in2DMode":false,"pivot":{"x":23.20269012451172,"y":7.275726318359375,"z":14.565773010253907},"rotation":{"x":0.06652852892875672,"y":-0.8695802092552185,"z":0.12209958583116532,"w":0.4738106429576874},"size":3.062964677810669,"orthographic":false}